Month,Day,1980's Average,1990's Average,2000's Average,2002,2003,2004,2005,2006,2007,2008,2009,2010,2011,2012,2013,2014,2015,2016,2017,2018,2019
1,1,13838002,13479932,12884425,-9999,13142332,13009467,12573869,12642784,12629637,12637938,12555408,12548660,12278751,12746295,12362561,12420072,12504555,12234960,12074998,11945173,12287194
1,2,13894654,13507159,12933153,-9999,13213231,13030016,12624615,12689716,12669943,12630839,12610057,12572785,12350377,12786647,12327112,12505424,12469040,12237239,12136492,12023268,12454828
1,3,13956651,13548447,12979517,-9999,13297755,13071916,12697433,12773901,12745512,12656911,12686802,12608343,12410650,12787376,12377539,12544012,12491973,12268261,12264044,12083316,12524331
1,4,14025305,13591262,13025972,-9999,13394164,13123645,12825798,12830318,12799596,12737679,12770635,12661599,12469886,12752679,12428738,12519283,12511398,12288437,12370038,12139838,12590152
1,5,14083638,13641693,13073337,-9999,13493198,13172405,12872165,12855238,12830948,12781769,12794572,12693917,12564657,12761430,12487178,12529679,12583928,12331357,12423574,12169409,12625578
1,6,14126244,13689257,13116894,-9999,13571020,13152013,12887212,12815784,12844393,12852098,12850810,12766882,12606948,12834052,12582524,12545921,12617633,12443565,12389576,12167899,12660872
1,7,14165180,13722489,13166041,-9999,13621914,13135591,12876476,12793118,12876798,12899238,12933309,12837291,12595426,12897220,12664391,12562469,12582720,12508001,12336453,12208279,12711284
1,8,14211925,13763992,13206788,-9999,13634360,13158498,12881031,12808337,12886280,12934452,13028372,12866721,12566744,13010014,12683362,12582981,12572767,12592257,12328881,12237852,12714611
1,9,14248750,13807015,13254035,-9999,13607670,13230091,12919327,12873821,12836925,12972214,13128277,12916283,12596125,13120429,12704685,12637354,12585887,12658347,12326247,12279544,12784965
1,10,14275316,13851768,13289116,-9999,13605515,13282635,12957583,12914174,12757050,13006345,13189273,12983826,12569551,13177771,12822218,12746905,12614229,12759085,12336636,12311903,12843848
1,11,14289704,13897130,13323718,-9999,13663599,13359311,12989292,12905224,12725785,13080988,13242631,13055023,12609635,13234453,12889845,12847766,12691710,12851838,12397029,12331714,12822723
1,12,14321332,13939465,13357576,-9999,13738147,13426926,12991851,12914327,12779363,13107448,13251227,13108972,12688277,13316476,12960039,12897282,12797534,12878297,12378580,12368693,12766506
1,13,14389859,13984146,13391870,-9999,13766935,13491578,13015855,12948756,12871354,13156393,13324677,13150730,12744938,13278795,13003476,12927003,12896657,12885912,12357702,12431482,12803930
1,14,14446923,14022152,13446337,-9999,13831765,13517986,13035372,12970668,12961708,13231528,13429347,13226639,12849921,13255298,13057235,12939224,12977552,12899639,12387965,12478187,12905748
1,15,14481697,14054389,13493118,-9999,13892192,13483290,13078301,12943895,13050900,13270654,13519773,13272669,12919156,13208256,13140084,12982086,13054778,12909668,12421026,12629413,12988350
1,16,14517793,14086178,13538353,-9999,13947914,13502393,13161695,12892108,13125919,13293834,13598264,13272034,12963808,13123560,13247598,13059648,13139419,12933952,12496927,12663756,13047756
1,17,14561142,14127684,13586512,-9999,14012307,13538101,13214382,12850606,13210005,13330134,13605824,13264670,12947972,13087285,13314884,13102299,13158985,12954168,12603241,12674512,13077904
1,18,14604837,14176870,13626683,-9999,14089471,13584649,13226354,12813728,13272152,13364474,13647454,13304485,12941642,13095543,13298441,13159881,13210842,12943232,12646417,12700746,13097955
1,19,14655020,14211380,13662810,-9999,14167368,13637114,13213065,12798275,13351745,13388002,13741111,13336339,12978268,13124999,13324370,13218010,13235356,12967619,12768815,12725133,13149800
1,20,14694661,14246930,13699875,-9999,14228061,13669905,13232993,12779137,13396215,13395581,13709146,13356040,12992283,13177285,13344986,13262167,13223023,13001206,12868867,12700524,13206730
1,21,14744586,14287687,13738144,-9999,14231637,13688977,13224620,12801559,13446733,13475975,13675627,13359198,13031210,13271991,13346127,13288509,13251496,13054936,12974030,12681615,13242328
1,22,14790602,14321095,13771697,-9999,14097847,13720961,13209681,12900915,13489248,13644929,13679048,13374502,13043193,13360244,13379353,13360790,13329257,13086547,13002764,12685952,13256828
1,23,14835232,14355513,13796679,-9999,13980435,13761633,13282190,13011974,13586667,13796118,13676993,13360505,13093610,13403808,13407022,13420238,13387581,13106124,13081165,12722492,13292011
1,24,14865088,14390678,13826934,-9999,13976739,13756482,13369193,12978310,13672392,13875728,13666375,13413617,13138566,13419798,13490711,13449896,13385153,13150589,13172031,12800678,13332401
1,25,14892317,14420009,13869499,-9999,14012402,13701172,13412883,12954089,13704837,13915021,13649713,13466484,13190329,13419569,13597107,13533763,13365565,13190106,13216098,12813943,13346587
1,26,14927068,14449206,13904422,-9999,14048109,13733011,13407837,13080135,13666301,13934128,13694645,13480855,13275880,13435930,13659895,13557735,13330821,13220330,13138957,12812742,13370205
1,27,14970633,14502222,13939440,-9999,14162289,13822655,13397772,13174239,13654338,13971738,13720718,13449632,13372960,13455059,13657014,13542499,13329480,13227113,13077599,12796939,13449609
1,28,15019479,14540199,13978476,-9999,14226604,13845655,13443599,13257906,13693179,14035312,13765371,13435612,13441905,13451393,13632459,13511482,13365802,13218625,13103750,12837742,13477989
1,29,15050695,14588000,14021279,-9999,14225673,13839483,13543139,13253214,13723046,14064512,13835684,13476013,13493092,13446359,13647269,13527214,13421780,13246144,13123492,12894925,13474856
1,30,15078152,14627246,14063086,-9999,14239566,13807917,13601280,13275030,13735572,14049342,13871295,13550808,13502767,13452829,13654861,13566829,13503573,13284828,13181000,12965511,13499512
1,31,15101390,14658476,14090842,-9999,14338746,13805751,13561315,13372044,13751295,14013408,13926652,13605721,13547327,13469693,13643193,13616702,13546452,13317455,13216664,13075211,13479877
2,1,15111680,14683122,14111820,-9999,14422648,13809664,13556978,13478900,13785327,14026271,13947998,13647166,13583515,13455503,13608319,13641307,13571368,13308481,13305056,13155320,13426750
2,2,15132429,14710673,14140164,-9999,14441989,13834932,13602999,13546479,13808252,14065415,13957738,13641747,13632313,13535833,13671179,13682025,13564364,13309937,13370485,13251377,13447260
2,3,15159813,14738355,14163946,-9999,14401562,13916031,13626968,13613308,13803331,14114890,13954700,-9999,13667956,13537472,13761389,13682126,13623866,13370134,13365643,13276778,13428392
2,4,15181054,14762962,14179678,-9999,14354903,13959084,13593606,13651766,13788020,14176168,13985082,-9999,13662274,13558126,13782681,13681685,13665358,13417505,13336973,13303213,13433729
2,5,15207771,14784614,14199368,-9999,14364589,13997817,13520079,13656800,13726703,14304637,14019491,-9999,13638157,13539775,13752404,13692451,13696293,13461104,13323424,13329683,13441866
2,6,15228254,14815785,14227647,-9999,14369890,14027753,13521584,13661187,13728000,14340780,14111891,13768984,13628251,13568822,13762682,13713981,13661255,13560967,13347490,13293392,13513236
2,7,15241341,14842598,14255426,-9999,14369237,14076322,13604880,13684585,13789841,14342250,14226769,13768908,13634832,13662902,13830923,13666843,13641321,13601644,13351114,13250852,13519007
2,8,15242921,14865661,14289346,-9999,14438923,14157418,13736023,13705700,13842650,14336774,14297733,13800153,13636918,13731963,13932090,13669885,13704298,13603941,13357719,13241477,13557113
2,9,15240610,14881482,14318070,-9999,14470922,14234377,13778011,13753416,13852281,14349505,14325669,13824198,13649678,13756675,14006542,13688619,13783832,13612599,13366971,13199637,13607932
2,10,15253169,14895987,14342008,-9999,14464302,14316070,13752048,13777635,13906008,14380862,14322056,13823756,13657543,13785494,14016644,13678391,13839883,13546847,13371617,13227366,13649459
2,11,15256262,14910653,14359931,-9999,14504880,14391075,13737061,13850616,13959531,14403758,14268929,13854085,13673886,13857694,14058321,13633069,13869333,13481905,13350835,13263605,13695200
2,12,15264583,14922974,14381261,-9999,14533559,14426852,13753646,13891583,13999615,14377721,14239081,13923884,13716435,13914164,14122711,13606990,13889313,13461801,13397611,13268427,13755722
2,13,15286798,14934722,14404699,-9999,14579269,14438047,13754175,13887352,14001721,14350958,14237149,13991922,13776731,13944095,14176366,13630738,13902604,13546428,13436564,13300888,13860508
2,14,15303122,14935496,14423895,-9999,14620216,14457816,13817298,13870298,14029415,14287947,14289783,14054621,13807752,13998993,14215442,13700630,13916858,13572323,13546701,13342060,13953863
2,15,15321420,14955442,14431340,-9999,14682247,14445907,13931554,13839477,14058806,14236455,14315111,14115574,13872639,14029251,14229214,13739569,13942060,13620885,13673982,13346013,13945503
2,16,15342846,14971204,14442379,-9999,14741327,14466906,14005573,13850319,14044467,14243550,14359355,14177081,13907088,14062490,14242024,13795307,13883835,13666867,13709174,13361998,13919453
2,17,15369278,14995478,14466840,-9999,14794676,14487003,13952645,13840400,14038307,14273322,14421548,14220886,13920876,14116673,14222483,13811369,13770330,13611662,13723104,13355141,13926911
2,18,15398636,15019481,14483743,-9999,14801304,14536093,13868287,13792039,14033442,14318477,14458196,14230353,13932956,14141013,14164431,13823911,13774725,13547054,13730632,13402286,13962528
2,19,15428082,15029095,14497565,-9999,14824519,14570793,13814486,13757107,14050408,14379429,14412506,14212404,13941872,14133535,14113242,13935082,13789853,13577466,13778754,13439935,14012202
2,20,15454582,15039710,14506672,-9999,14862677,14563085,13840022,13769109,14127015,14404268,14331850,14176615,13931643,14099288,14123664,14035877,13820107,13603479,13777530,13479711,14085455
2,21,15484146,15055204,14528382,-9999,14887892,14530562,13861383,13804668,14145579,14487163,14285131,14171744,13919301,14091316,14157569,14078919,13866218,13586985,13784671,13556973,14167494
2,22,15512514,15061778,14543005,-9999,14911647,14578120,13882574,13809238,14149894,14555301,14248785,14239724,13933410,14079354,14177162,14064566,13900685,13593241,13812136,13596151,14194560
2,23,15534036,15070165,14554798,-9999,14903460,14594691,13974105,13797290,14193772,14637735,14227543,14282268,13946489,14150040,14229324,14017261,13910147,13630119,13839032,13662634,14155918
2,24,15562166,15068498,14568609,-9999,14881483,14595119,14065255,13792214,14209677,14687235,14292907,14292490,13928535,14206024,14346338,14000104,13912852,13780109,13807125,13643404,14075003
2,25,15579264,15063872,14583293,-9999,14876681,14572565,14137616,13770769,14192363,14710737,14343339,14226170,13882070,14242212,14429912,13989356,13931097,13877194,13772990,13638724,14018460
2,26,15589395,15051412,14598435,-9999,14894112,14539827,14196844,13775804,14132940,14692089,14406699,14204716,13901948,14306167,14468241,13997404,13928438,13867055,13763520,13676223,13995362
2,27,15602024,15042917,14617474,-9999,14906355,14562253,14246271,13850601,14095959,14705756,14514485,14193212,13872857,14312192,14474775,14013962,13835558,13912310,13719038,13681440,13958917
2,28,15585370,15030001,14644851,-9999,14947514,14599366,14254357,13920406,14104059,14728787,14570530,14241040,13910042,14341651,14505117,14025372,13818317,13942507,13750131,13727837,13914006
2,29,15576328,15029070,14646472,-9999,-9999,14603540,-9999,-9999,-9999,14741033,-9999,-9999,-9999,14132584,-9999,-9999,-9999,13958832,-9999,-9999,-9999
3,1,15567285,15028139,14648092,-9999,14996117,14565509,14287503,13922172,14113363,14750207,14612031,14290110,13933134,14527794,14513370,14046933,13827443,13924194,13802013,13759813,13909051
3,2,15548902,15020511,14656162,-9999,15045225,14517627,14328229,13927418,14105548,14733116,14657047,14352595,13940958,14597917,14486388,14085173,13798149,13880276,13787843,13736896,13973505
3,3,15530259,15011983,14665261,-9999,15046655,14487738,14313165,13969948,14090896,14714425,14624422,14417939,13939904,14695947,14413498,14126893,13738251,13824457,13813380,13729800,14014896
3,4,15530043,15010772,14669452,-9999,14974494,14472036,14338653,13962215,14119598,14674769,14605621,14487816,13953776,14699717,14346195,14178931,13688997,13789796,13829477,13690835,14030595
3,5,15569642,15009067,14663658,-9999,14910017,14489358,14362270,13977011,14161531,14678203,14630165,14570683,13986978,14641183,14306961,14222704,13664797,13792369,13858609,13629925,14044276
3,6,15526272,15017343,14668582,-9999,14906674,14542557,14396073,13977517,14117223,14697617,14629617,14628476,14055713,14664947,14310915,14255140,13660208,13796993,13878287,13612333,14066521
3,7,15523175,15030038,14670348,-9999,14872253,14600145,14396094,13993394,14066743,14701679,14602865,14642787,14084320,14709086,14357700,14204128,13659416,13858745,13866340,13609296,14093484
3,8,15521543,15031950,14668648,-9999,14867564,14639752,14386909,14041807,14097040,14740184,14514188,14651636,14108351,14606557,14415406,14083339,13649869,13921066,13818836,13628280,14117749
3,9,15509510,15040061,14660963,-9999,14840512,14647827,14383923,14094562,14157809,14774776,14397715,14624650,14081760,14517561,14438968,14015926,13629197,13898483,13770819,13660514,14150474
3,10,15508745,15044281,14661907,-9999,14796811,14701388,14353440,14132380,14197410,14742000,14388141,14600737,14046271,14510422,14469133,14025724,13623768,13855406,13742120,13740450,14194201
3,11,15516866,15029145,14651766,-9999,14788812,14681407,14364817,14130061,14196136,14722875,14364348,14597552,13966372,14574254,14504502,14118547,13648280,13871056,13781624,13780135,14251474
3,12,15538815,15025920,14634152,-9999,14829013,14595539,14372532,14093225,14127125,14737269,14364331,14576683,13927474,14571356,14507780,14233829,13695914,13900558,13847241,13806788,14271121
3,13,15538753,15015090,14617648,-9999,14823850,14461154,14337912,14033550,14082187,14735503,14357029,14586580,13946449,14577896,14502463,14300508,13686416,13872861,13815668,13837866,14224663
3,14,15516079,15005844,14600087,-9999,14824576,14379133,14261290,13946852,14062545,14699188,14363703,14574021,14023787,14571781,14523635,14305537,13686287,13837007,13835579,13853284,14184906
3,15,15484053,14991942,14571819,-9999,14871000,14356777,14203986,13874040,13984351,14642910,14387681,14549416,14077419,14666311,14515044,14329192,13724438,13874820,13818067,13875677,14148530
3,16,15489989,14974321,14549389,-9999,14920898,14366369,14161264,13793641,13923807,14614339,14438209,14578497,14127729,14693084,14481102,14388611,13755789,13881869,13705959,13874375,14093381
3,17,15462634,14958665,14535884,-9999,14964936,14378320,14099099,13777136,13953278,14577607,14453126,14563394,14103571,14680936,14496951,14419194,13720322,13841505,13607502,13891190,14017283
3,18,15434584,14942576,14529956,-9999,15025256,14402336,14047437,13776953,13920784,14584816,14506408,14578071,14018908,14679976,14466557,14437490,13708005,13902527,13556324,13833573,14005938
3,19,15421033,14942277,14510562,-9999,15032460,14399563,13967095,13773179,13828332,14606866,14489925,14557983,13922168,14684086,14433861,14448299,13717193,13894079,13559936,13761282,13996972
3,20,15405578,14937929,14489976,-9999,15036576,14385734,13886862,13774012,13798817,14606284,14418697,14545411,13886537,14660610,14370783,14448416,13705999,13910563,13559152,13713053,14017103
3,21,15391637,14945313,14472686,-9999,15066086,14374684,13844442,13774868,13817518,14574178,14434695,14524826,13843563,14598826,14320881,14408834,13738377,13934154,13540842,13721567,14056522
3,22,15379721,14946146,14457911,-9999,15060359,14306585,13860797,13732415,13881287,14581568,14480626,14485590,13868002,14580823,14296935,14325446,13804766,13926152,13487799,13711450,14001236
3,23,15378066,14945568,14453316,-9999,15017780,14288207,13883165,13691625,13876195,14568359,14511110,14471768,13907241,14570399,14279667,14156064,13834885,13899979,13464033,13684699,13911567
3,24,15355559,14935928,14452277,-9999,15028052,14318151,13885741,13626235,13849118,14526906,14495814,14495070,13943171,14511727,14258791,14079938,13833407,13862037,13463820,13668115,13839873
3,25,15346444,14934417,14444356,-9999,15029415,14379170,13877881,13624051,13902552,14539295,14478688,14548159,13961763,14551367,14279279,14044187,13854379,13823186,13509359,13645538,13756437
3,26,15327143,14920178,14430605,-9999,15006826,14398143,13835745,13642435,13935159,14567704,14471974,14544494,13989664,14446978,14278819,14049815,13879573,13804225,13528354,13663549,13729380
3,27,15283785,14907957,14407275,-9999,14982272,14394437,13828610,13623513,13911435,14552333,14408320,14538277,13964251,14538454,14269566,14014943,13843980,13800077,13542425,13700128,13734954
3,28,15212097,14894980,14371112,-9999,14941412,14327529,13869492,13577008,13857708,14492839,14364481,14578276,13918997,14522357,14263115,13942676,13768370,13780860,13572036,13681496,13702099
3,29,15272523,14890939,14335337,-9999,14898454,14317077,13876762,13585891,13777606,14430112,14308423,14629433,13909849,14536378,14230610,13855013,13717170,13697343,13575600,13674556,13588813
3,30,15263335,14877250,14307405,-9999,14799553,14298083,13879025,13569042,13742342,14398058,14263057,14676136,13923636,14551105,14228134,13848958,13677291,13560921,13567480,13652018,13423101
3,31,15244575,14857052,14273790,-9999,14687712,14271527,13838113,13575600,13714811,14370732,14234871,14688540,13968366,14530807,14222135,13877174,13658140,13496200,13555773,13625158,13375181
4,1,15216776,14828785,14237137,-9999,14670170,14223567,13827984,13610775,13712061,14350528,14194095,14663290,13979155,14506073,14208301,13874338,13638921,13461256,13562063,13586994,13308217
4,2,15194179,14797769,14217016,-9999,14603436,14164659,13815764,13630757,13702257,14350769,14199750,14631573,13960404,14473797,14180865,13857492,13595387,13444757,13569774,13555616,13235128
4,3,15173697,14750890,14195231,-9999,14512060,14146065,13788327,13612650,13682740,14352578,14217181,14576733,13897025,14475148,14123153,13852747,13544795,13447985,13574811,13418227,13199621
4,4,15158269,14705079,14165204,-9999,14454886,14098079,13800877,13581248,13691179,14277545,14187079,14536963,13804858,14400009,14069454,13849934,13504260,13419920,13549488,13387430,13131874
4,5,15132024,14667662,14132913,-9999,14418881,14052330,13789783,13548547,13669367,14218355,14141123,14484771,13795631,14292576,13972156,13889732,13492824,13408667,13448164,13371769,13090953
4,6,15108720,14623340,14096877,-9999,14382737,14000975,13736466,13487446,13626825,14222240,14102148,14461722,13772273,14235937,13963435,13870023,13445888,13352092,13399856,13376062,13012589
4,7,15070144,14590636,14059805,-9999,14370999,13925845,13692322,13418093,13581251,14228491,14067640,14468298,13716982,14213160,13934531,13833873,13409765,13309256,13378503,13358472,12972565
4,8,15042583,14539553,14020701,-9999,14345967,13900370,13675545,13359794,13557577,14206860,14053642,14432701,13703095,14145950,13940516,13784522,13387030,13237712,13386967,13343374,12990137
4,9,14996078,14475265,13981604,-9999,14314094,13843717,13649161,13314368,13522757,14175616,14019704,14367954,13687482,14112020,13960644,13733392,13415661,13151679,13336632,13321482,13005909
4,10,14918019,14410924,13939174,-9999,14289591,13689205,13634594,13307124,13466116,14144327,14014161,14287426,13700525,14097001,13994111,13666289,13432330,13106111,13318904,13281980,13014792
4,11,14902968,14360192,13891127,-9999,14226409,13559823,13610067,13281894,13417675,14119385,14001139,14212176,13695758,14036206,13983948,13628682,13446594,13118881,13250484,13254107,12989958
4,12,14880416,14314016,13846137,-9999,14159363,13432157,13558817,13254428,13363717,14075589,13959725,14153288,13666839,14023911,13928267,13544538,13443962,13168647,13190656,13260267,12945392
4,13,14820779,14263912,13801616,-9999,14087078,13361704,13503041,13263844,13323081,14001677,13904044,14086679,13658417,14042525,13850285,13489773,13443635,13179840,13155325,13255427,12933264
4,14,14772121,14232122,13759161,-9999,14027670,13260878,13496408,13281645,13284802,13911214,13904341,14087966,13637101,14054158,13729976,13475017,13402324,13157670,13120623,13197260,12895918
4,15,14737571,14186661,13720684,-9999,13957258,13190922,13454569,13296888,13234676,13838156,13896746,14067606,13604755,14050530,13644681,13427583,13355159,13134117,13119114,13125342,12821542
4,16,14725516,14142135,13680162,-9999,13902983,13146430,13406471,13283303,13203156,13738334,13878429,14023851,13576927,14066319,13576057,13321362,13362077,13132955,13094044,13052208,12795927
4,17,14688954,14104256,13634512,-9999,13824174,13130899,13399349,13279065,13186766,13631785,13831065,13993301,13528712,14039222,13524791,13255763,13363066,13059136,13069913,12985833,12756648
4,18,14651215,14063313,13604237,-9999,13763230,13089728,13394020,13268464,13189814,13561247,13805650,13981908,13472498,13964426,13477318,13231029,13343616,12996593,13044495,12938678,12693470
4,19,14602939,14020230,13576618,-9999,13728127,13040240,13404022,13259749,13207721,13473716,13797931,13945744,13431817,13988273,13421234,13193343,13325420,12928117,13033695,12888393,12652423
4,20,14555597,13977770,13555412,-9999,13696063,13024968,13392567,13224976,13207915,13416372,13801599,13910992,13381617,13932014,13393564,13177428,13292956,12877955,13000702,12854880,12603699
4,21,14506075,13938871,13530924,-9999,13647310,12995922,13386601,13220513,13163597,13401441,13772945,13897940,13337184,13915441,13404164,13174019,13311231,12837134,12933184,12816110,12594669
4,22,14467546,13899280,13493702,-9999,13639349,12943814,13368743,13206640,13107182,13380748,13723373,13889429,13290431,13849761,13409355,13115859,13302595,12747752,12875995,12808509,12586843
4,23,14427144,13859579,13452675,-9999,13602767,12939768,13329626,13189306,13039003,13329782,13623719,13863454,13257777,13735437,13355209,13097680,13212400,12681673,12827488,12803197,12614573
4,24,14371213,13816669,13402650,-9999,13544339,12938721,13280119,13142786,12988410,13289695,13580394,13789652,13249094,13666921,13255463,13068484,13110194,12633672,12832850,12794137,12622457
4,25,14321691,13767224,13363329,-9999,13473379,12941042,13236331,13038230,12938669,13201922,13559953,13694182,13186097,13560700,13122691,13036431,12998194,12595818,12826358,12761033,12626405
4,26,14270912,13725423,13315058,-9999,13388560,12931501,13171002,12957945,12883329,13189293,13510316,13615650,13115060,13436906,13041164,12978878,12911507,12570405,12810275,12708674,12608257
4,27,14201860,13680911,13271162,-9999,13318387,12875942,13131014,12866276,12854447,13172656,13488081,13580190,13048896,13336421,13022571,12930713,12861198,12498998,12800339,12679541,12563633
4,28,14139308,13625399,13225148,-9999,13228826,12820442,13079273,12782805,12845632,13168402,13448543,13519578,13004982,13290614,12985614,12928262,12815770,12413834,12758153,12641635,12451876
4,29,14076833,13570981,13185084,-9999,13178994,12783431,13037013,12730348,12858981,13139870,13425566,13440753,12950605,13233523,12940357,12928298,12730329,12347980,12713247,12602757,12359667
4,30,14022429,13524322,13147002,-9999,13135364,12738414,13006225,12661451,12845075,13111464,13382121,13376108,12888701,13158711,12890140,12893715,12707016,12293447,12674471,12574787,12305376
5,1,13971383,13480885,13102626,-9999,13098113,12689719,12943026,12558242,12847842,13087032,13359047,13307399,12851721,13052728,12855836,12807168,12664582,12195413,12648560,12556176,12236563
5,2,13930920,13439051,13059422,-9999,13047795,12635290,12887542,12444466,12794117,13067741,13316285,13235941,12784077,13014104,12818197,12744827,12634896,12164312,12585016,12521612,12176248
5,3,13883155,13404624,13012476,-9999,12992870,12598057,12818544,12405456,12741944,13029887,13288522,13127460,12737124,12970852,12813379,12668378,12629396,12144447,12524980,12451489,12117320
5,4,13831312,13353005,12962613,-9999,12948215,12545994,12765423,12320956,12703363,13000877,13282499,13036050,12652461,12897774,12816914,12642907,12588998,12081393,12496944,12373382,12087526
5,5,13777175,13315671,12910566,-9999,12886871,12426122,12718665,12249753,12644684,12973958,13233971,12935651,12633011,12829406,12781239,12614412,12523337,12039085,12492801,12257814,12041650
5,6,13713346,13282587,12857875,-9999,12807556,12319323,12701165,12188126,12606674,12933898,13186485,12867950,12631255,12824640,12741038,12568170,12425110,11986358,12455817,12186110,11976572
5,7,13652139,13249111,12808689,-9999,12707744,12258046,12677521,12168368,12555253,12880379,13128183,12797823,12569427,12812002,12690600,12524861,12390148,11912579,12405466,12115492,11942527
5,8,13600559,13204812,12761507,-9999,12651753,12237189,12646320,12151584,12530269,12822715,13066016,12685074,12497679,12808662,12661204,12469546,12288569,11782166,12323824,12077941,11900579
5,9,13522336,13165086,12711710,-9999,12588472,12208656,12615280,12119386,12469946,12735949,13011209,12619618,12435616,12784548,12638340,12399762,12206146,11683160,12286734,12021992,11861080
5,10,13473343,13114224,12656150,-9999,12545175,12175699,12542852,12084869,12404435,12694184,12944025,12514881,12380708,12673299,12620977,12309090,12112816,11633343,12301918,11933172,11826209
5,11,13431873,13063743,12600967,-9999,12529205,12147019,12468312,12059347,12344066,12603415,12874482,12438892,12315782,12618960,-9999,12255664,12056719,11573104,12266647,11836232,11811736
5,12,13394080,13017360,12546566,-9999,12507133,12111919,12396535,12037212,12271517,12546531,12783498,12400300,12266463,12545052,-9999,12165189,11983392,11488450,12188934,11746777,11788391
5,13,13360925,12971102,12504360,-9999,12494917,12065848,12405857,11998299,12224481,12510894,12754431,12380032,12213393,12509901,-9999,12114008,11931057,11371124,12122378,11721268,11722215
5,14,13317726,12921563,12466263,-9999,12478428,12008465,12390575,11980021,12207461,12457302,12710104,12345319,12155387,12459867,-9999,12059926,11891356,11293726,12068894,11677808,11657225
5,15,13271140,12867771,12428580,-9999,12442470,11956806,12342650,11948189,12179318,12393661,12673384,12251828,12091481,12369403,12366819,12044485,11867281,11262361,12020242,11671777,11568100
5,16,13212423,12816675,12384770,-9999,12383845,11916225,12319177,11884186,12123486,12353796,12604000,12193581,12019556,12264158,12366441,12009342,11806520,11197909,11929542,11630844,11488339
5,17,13154456,12760337,12333540,-9999,12367409,11892396,12305687,11813357,12105584,12299462,12526177,12087581,11973257,12178243,12326705,11993689,11751564,11144719,11861030,11588270,11421099
5,18,13107807,12702506,12273917,-9999,12325998,11843999,12282167,11771605,12092154,12191699,12433687,12008099,11943821,12166063,12254238,11920264,11675662,11104253,11825978,11520403,11374861
5,19,13064376,12644563,12211819,-9999,12284116,11779743,12255713,11742659,12084652,12079227,12301942,11916912,11902719,12116857,12207073,11872856,11611102,11041226,11792207,11434743,11323094
5,20,13027211,12594850,12157416,-9999,12238244,11715030,12223236,11695943,12014399,11969089,12288412,11825554,11816428,12053157,12152329,11847718,11513530,10989954,11774477,11374694,11259122
5,21,12987611,12540564,12105362,-9999,12179384,11657565,12162010,11657183,11944644,11931476,12245152,11751145,11752352,11995186,12080852,11812691,11440794,10951843,11766129,11304168,11209501
5,22,12942752,12486577,12055377,-9999,12134173,11620694,12102346,11589486,11890201,11904692,12171726,11695402,11699353,11924617,12050072,11808796,11373423,10923963,11715601,11269417,11172088
5,23,12904128,12440964,12006973,-9999,12119523,11585887,12015609,11545147,11830230,11875605,12092457,11639217,11629698,11887627,11993792,11771486,11316447,10880319,11660438,11226696,11147396
5,24,12862234,12402164,11958644,-9999,12104050,11583009,11946497,11504819,11784016,11859558,12005327,11568063,11555107,11846402,11949196,11720662,11275662,10792665,11600754,11162193,11105370
5,25,12821106,12366952,11913675,-9999,12081177,11576048,11892022,11453781,11700764,11808376,11903470,11488230,11463118,11797276,11904788,11681711,11227542,10704953,11544894,11119821,11081708
5,26,12781901,12333124,11872902,-9999,12008657,11595712,11813337,11411537,11638936,11791417,11838186,11431330,11399621,11742516,11863284,11637576,11182043,10652073,11519803,11088039,11063862
5,27,12735446,12301443,11831051,-9999,11947371,11604298,11758989,11363866,11601514,11741557,11807520,11360200,11342671,11697899,11830945,11596757,11124380,10631176,11464130,11048329,11012077
5,28,12687629,12270721,11792842,-9999,11904214,11591712,11700825,11331120,11589468,11726960,11778419,11313137,11326048,11652726,11796732,11548238,11065959,10577431,11411786,11018676,10941402
5,29,12645565,12238709,11757785,-9999,11884016,11572473,11626902,11291626,11567879,11700120,11740705,11305771,11289199,11595914,11777670,11519123,10997659,10524842,11348485,10979066,10879554
5,30,12603862,12203173,11716078,-9999,11857300,11551469,11564873,11259992,11509615,11660739,11675513,11268823,11238538,11515194,11736352,11470484,10938100,10480690,11283701,10915129,10833061
5,31,12570008,12160591,11668971,-9999,11834340,11502928,11513696,11228068,11471913,11621530,11614388,11192132,11165858,11480950,11679764,11385455,10878571,10427044,11211387,10891345,10768933
6,1,12528782,12110792,11623450,-9999,11823376,11469931,11435633,11227018,11438137,11600367,11557409,11147651,11087132,11443198,11614569,11314078,10845785,10405086,11138263,10820711,10671125
6,2,12487246,12066808,11580218,-9999,11793346,11444496,11315697,11191875,11409062,11572920,11516922,11107073,11031120,11387973,11551038,11261908,10800117,10374337,11064847,10736166,10593671
6,3,12438889,12025755,11534117,-9999,11765140,11398976,11241872,11141020,11347334,11514572,11471176,11066526,10990393,11353608,11495445,11212268,10753060,10350720,11022775,10691716,10558744
6,4,12396239,11999477,11483964,-9999,11724107,11368037,11174855,11104987,11286510,11470565,11394902,11006754,10976729,11352712,11464931,11157663,10688968,10354257,10995493,10649695,10525158
6,5,12358809,11963968,11438171,-9999,11689038,11332018,11125327,11066618,11222403,11406925,11300240,10940943,10937685,11267099,11381416,11077657,10617627,10353315,10931380,10585063,10481173
6,6,12313026,11916448,11390645,-9999,11628908,11301934,11070655,11032198,11157886,11334832,11221003,10836166,10879021,11171769,11317641,11013549,10589336,10333107,10859953,10518855,10436997
6,7,12273936,11869153,11346336,-9999,11558462,11283314,11010301,10989355,11130074,11265566,11187537,10755568,10798514,11027130,11268952,11012921,10588884,10297812,10796630,10482795,10386229
6,8,12242470,11821089,11303920,-9999,11498402,11243710,10946673,10949787,11107577,11185561,11153386,10693951,10707981,10844748,11235900,10994683,10590546,10278711,10718689,10457617,10361292
6,9,12203683,11776193,11261629,-9999,11438915,11219580,10893226,10908347,11099172,11094456,11151245,10637214,10654440,10692161,11202781,10939861,10588218,10237369,10643906,10412759,10318541
6,10,12163584,11729442,11221147,-9999,11411773,11190596,10849874,10842814,11085766,11019765,11150508,10584267,10591313,10567255,11159261,10875956,10542295,10190381,10561988,10389973,10278130
6,11,12119210,11684287,11177469,-9999,11376755,11164086,10834274,10782142,11059001,11001672,11137849,10524866,10517949,10465096,11098772,10818465,10505832,10154944,10502157,10375064,10233637
6,12,12070014,11634157,11124723,-9999,11322515,11142319,10810402,10709599,11026165,10968617,11109825,10470178,10421874,10342187,11018702,10785617,10457859,10130495,10382216,10378230,10192504
6,13,12026563,11586609,11074370,-9999,11267658,11101796,10768178,10654184,10975443,10941328,11063882,10417585,10334450,10223116,10940924,10731639,10402787,10100637,10299545,10363905,10207081
6,14,11986409,11539902,11017278,-9999,11202928,11040638,10734791,10593662,10874443,10902614,11013309,10341839,10250629,10165118,10890379,10644599,10337251,10054193,10228536,10317955,10213100
6,15,11940923,11480180,10956129,-9999,11152488,10997731,10689154,10521469,10779498,10841416,10948591,10286293,10143886,10133848,10844208,10580914,10283797,9993628,10157105,10236731,10187233
6,16,11893846,11424329,10892408,-9999,11118277,10946485,10611405,10469459,10728993,10773021,10898907,10209455,10027136,10062250,10805541,10502934,10207482,9931177,10106722,10169264,10148907
6,17,11854980,11369747,10828775,-9999,11081951,10863158,10544785,10414976,10664197,10707453,10818520,10126376,9959339,10029320,10750622,10450284,10137855,9870723,10047935,10126025,10105376
6,18,11806662,11318942,10762192,-9999,10996781,10792997,10465841,10341954,10576612,10659040,10736353,10029992,9910369,9975373,10693549,10374414,10110833,9796445,9982791,10130433,10036880
6,19,11757050,11260743,10696934,-9999,10921658,10754831,10392602,10268642,10474103,10594553,10664297,9922059,9878332,9901961,10640506,10273741,10096666,9731186,9891859,10106748,9972882
6,20,11713471,11199957,10630792,-9999,10827579,10717775,10335574,10221156,10380214,10527847,10570072,9823699,9844725,9805769,10586161,10179770,10086965,9636570,9817660,10050224,9912407
6,21,11673525,11137407,10552039,10814937,10749857,10652227,10301280,10154027,10317874,10445488,10487898,9727850,9801597,9760071,10525585,10073166,10031674,9571404,9728666,9988672,9814580
6,22,11630172,11070075,10483064,10800510,10668090,10581643,10254985,10069528,10281624,10374841,10416153,9644848,9752824,9689482,10428776,9962606,9991615,9515353,9656277,9896283,9728067
6,23,11578312,11007136,10415954,10782181,10602270,10528952,10172599,9976551,10236958,10303817,10331396,9559031,9682862,9610192,10352535,9835948,9964884,9425629,9608591,9836082,9658561
6,24,11543075,10939799,10350253,10753860,10530981,10436618,10085107,9859202,10131905,10210106,10261127,9476450,9564889,9561282,10275665,9762148,9916806,9331851,9515499,9770676,9597909
6,25,11502062,10885903,10275682,10670025,10503296,10360985,9995562,9729373,10035273,10141390,10205575,9381743,9483089,9493697,10181061,9691329,9883311,9250571,9469903,9704600,9504475
6,26,11452357,10830316,10207682,10599283,10463913,10316446,9925166,9647452,9924960,10062189,10158026,9284477,9367009,9388662,10072748,9628634,9817719,9203166,9409764,9628582,9441494
6,27,11409695,10771855,10141109,10561062,10393028,10291703,9833404,9578908,9839993,10012888,10108912,9163966,9271207,9336074,9957658,9507130,9731983,9155466,9330928,9560510,9324598
6,28,11371684,10719053,10067599,10535670,10313351,10261967,9775856,9470641,9736270,9938594,10028338,9023587,9177782,9282932,9856566,9358592,9627576,9084133,9204315,9492159,9190076
6,29,11325817,10656740,9981140,10423451,10227256,10234700,9737232,9405346,9599028,9854813,9931897,8941910,9154208,9163892,9729241,9185346,9542138,9033729,9112470,9419178,9094813
6,30,11262754,10599504,9906201,10326446,10141556,10218844,9699627,9343353,9469400,9792385,9851597,8885384,9092702,9039911,9612340,9057557,9482316,8973708,9030644,9361451,9036481
7,1,11200798,10531697,9834368,10173047,10066431,10177027,9660577,9278887,9322060,9701808,9741966,8821005,9006770,8941220,9443213,8936847,9431704,8889509,8923244,9282553,8914220
7,2,11144533,10477229,9753456,10110902,9991225,10107639,9621400,9189928,9224557,9601841,9631960,8731720,8895468,8834735,9295924,8866060,9387654,8799227,8821604,9188596,8782986
7,3,11087565,10413318,9672584,10087077,9917696,10046897,9573829,9115252,9064081,9505717,9512952,8671453,8807706,8745935,9182660,8777806,9341259,8706651,8741930,9135523,8677207
7,4,11023948,10345141,9593030,10030931,9861321,9968445,9492372,9020920,8925495,9449086,9407098,8622441,8707425,8674157,9051233,8698978,9284536,8598133,8661889,9079816,8601738
7,5,10962075,10261157,9518228,9965692,9805665,9892664,9374976,8909595,8818299,9366348,9310953,8577169,8595463,8563480,8901157,8647194,9209077,8487072,8572935,9013080,8524993
7,6,10903812,10173477,9433383,9878055,9739648,9849478,9253176,8801355,8723227,9298442,9204481,8527335,8496554,8422999,8800093,8553014,9096337,8401287,8506774,8945371,8410624
7,7,10842641,10099855,9355222,9794847,9678724,9820534,9137989,8732115,8626461,9211324,9099479,8477740,8371254,8371064,8700560,8443850,8932745,8347136,8440337,8884111,8285374
7,8,10779369,10019460,9274294,9700817,9595885,9756569,9036561,8656639,8519983,9153616,9009460,8430742,8229192,8259767,8562487,8344111,8833004,8272163,8386935,8762912,8135012
7,9,10716705,9944797,9190353,9630666,9534455,9682081,8962432,8543716,8422180,9085279,8914065,8363534,8086234,8109947,8444397,8236429,8750785,8188054,8344039,8737858,7953297
7,10,10641707,9866238,9107775,9524346,9479910,9594068,8867659,8453568,8282859,9014878,8824567,8312461,7974876,7976572,8299609,8135962,8660819,8124461,8268760,8689779,7839653
7,11,10568932,9778826,9024475,9407505,9422846,9518993,8786553,8401143,8170999,8929581,8767440,8253186,7864043,7865999,8196169,8040838,8547883,8047131,8160236,8589748,7772912
7,12,10499451,9691264,8943559,9276869,9347174,9430692,8735770,8354049,8045058,8837913,8720446,8195457,7693117,7773055,8064289,7949704,8461055,7908219,8039230,8509320,7718646
7,13,10420766,9603053,8855128,9214408,9231706,9338279,8694331,8283541,7924045,8739075,8633306,8141790,7571026,7724030,7950355,7899861,8335581,7757371,7926319,8331746,7648540
7,14,10308943,9514080,8765818,9136531,9093338,9259046,8640160,8208780,7803474,8644638,8511796,8097056,7441901,7676653,7854239,7825967,8255586,7611399,7795132,8174287,7571174
7,15,10229009,9425479,8680986,9036793,9050391,9166954,8554577,8147367,7693665,8541386,8413690,8049117,7347049,7594708,7742715,7745907,8209972,7514217,7674003,8179677,7496597
7,16,10122895,9342369,8599324,8945704,8961632,9135226,8461997,8098629,7596367,8448061,8340637,7989085,7241292,7468190,7621920,7656338,8054919,7495089,7590232,8136394,7424100
7,17,10051840,9228210,8518456,8856961,8861718,9063487,8361816,8022931,7510248,8359989,8236301,7917418,7151306,7374047,7533852,7577065,7920694,7454956,7479327,8042914,7323641
7,18,9963007,9158959,8426075,8758118,8778331,8956124,8245516,7937431,7436253,8268331,8118190,7821687,7059453,7301794,7480448,7549262,7767001,7403712,7377477,7947300,7189518
7,19,9890931,9082919,8333651,8664898,8684240,8832110,8139745,7870146,7347606,8172230,8025657,7721635,6995288,7215499,7412356,7518544,7661816,7339860,7290578,7851927,7069820
7,20,9799343,9009696,8236364,8581926,8567560,8783163,8009684,7802212,7245080,8064271,7925904,7594282,6951855,7156796,7354223,7489716,7522508,7228830,7194069,7717932,6975962
7,21,9710400,8930802,8143966,8488740,8450081,8727774,7876264,7735735,7135019,7947563,7797687,7531970,6883890,7104924,7247651,7439164,7415444,7173741,7100408,7578275,6860793
7,22,9649149,8850730,8049354,8387101,8367401,8657392,7737177,7663674,7019726,7842002,7622237,7464125,6813277,7042017,7130831,7360364,7301892,7127676,7059031,7460007,6745450
7,23,9570137,8778623,7960863,8259369,8283226,8611522,7661359,7595670,6894224,7723217,7499054,7367285,6745025,6939138,7059076,7331934,7201855,7067973,7049346,7335434,6665411
7,24,9490398,8696209,7877657,8146510,8166313,8540389,7591102,7555927,6785626,7628508,7352898,7241719,6684689,6710494,7031674,7297610,7117077,6990510,7004682,7132042,6616774
7,25,9380425,8617987,7798657,8103255,8082670,8489991,7538169,7489494,6691830,7549723,7247515,7165084,6645130,6617307,6995414,7254225,7001792,6912287,6943764,7038804,6508940
7,26,9304746,8520469,7722658,8011111,8045164,8419229,7467790,7402205,6590002,7484293,7155015,7098780,6589335,6511507,6939629,7186066,6918879,6833054,6858612,6978040,6385280
7,27,9226378,8425462,7637341,7883502,8026465,8322883,7360124,7321133,6498262,7431717,7067908,7012705,6504721,6366118,6882612,7097907,6843550,6753717,6770879,6878603,6288296
7,28,9151137,8339846,7553586,7788078,7916739,8171082,7289969,7254560,6410368,7339997,6974191,6956279,6448143,6292771,6777452,7003772,6793870,6685340,6650928,6786817,6190083
7,29,9080705,8271156,7470909,7741355,7818520,8100136,7174138,7178264,6362515,7252325,6909834,6916959,6404355,6203033,6729227,6893488,6730052,6622391,6572674,6666937,6076002
7,30,8966965,8194980,7358580,-9999,7763106,8027311,7078848,7090509,6300379,7166494,6870948,6852637,6367121,6132189,6733329,6811403,6641466,6534338,6496068,6526249,5997752
7,31,8890921,8124542,7278584,-9999,7681297,7923648,6987567,7032290,6230927,7078860,6822523,6745367,6331653,6096864,6687775,6763129,6563862,6438110,6444778,6425511,5955851
8,1,8818276,8050712,7207411,-9999,7591986,7865023,6900440,6970607,6182432,6966698,6771936,6658223,6308428,6082400,6643222,6732384,6468143,6321835,6348955,6347793,5905215
8,2,8734248,7981551,7137617,-9999,7492347,7759223,6840868,6919408,6098850,6869107,6720465,6575353,6293321,6033823,6580573,6643849,6398006,6201034,6258935,6272893,5852665
8,3,8652225,7911528,7070348,-9999,7413573,7690231,6788676,6831959,6011514,6799245,6674279,6473889,6262979,5910621,6493534,6578496,6280798,6084402,6180412,6204054,5785444
8,4,8588154,7849605,7001105,-9999,7298782,7624022,6729880,6752341,5891488,6736508,6623697,6424157,6196674,5788500,6414304,6514459,6221434,6037047,6041914,6156200,5719542
8,5,8524595,7795660,6925278,-9999,7235926,7534320,6636617,6672531,5777552,6630910,6566279,6380379,6110204,5648723,6363247,6476210,6198968,5962130,5961697,6073982,5612507
8,6,8458052,7739333,6857351,-9999,7183098,7415575,6556996,6636228,5674446,6447128,6510072,6333160,6016960,5494136,6306572,6435068,6152802,5868941,5909224,5967526,5511461
8,7,8389421,7688073,6785703,-9999,7113521,7301262,6476958,6618485,5589829,6358191,6466542,6300056,5964051,5375328,6211725,6378621,6085662,5784785,5804668,5885720,5416345
8,8,8327934,7627725,6727425,6813249,7004021,7179087,6436358,6570272,5498167,6329093,6428364,6246270,5882119,5191998,6148230,6325923,5996398,5705906,5668358,5824414,5334273
8,9,8263090,7569366,6671429,6773346,6891850,7088496,6392828,6502640,5438116,6278152,6383046,6172875,5807755,5035793,6097616,6259129,5903228,5656179,5589248,5744590,5239109
8,10,8233378,7522354,6621829,6687172,6849844,7036012,6336757,6441682,5384152,6193772,6338746,6093496,5725239,4943900,6063604,6169448,5804214,5581092,5535934,5666808,5106603
8,11,8166538,7462514,6563038,6621352,6828325,6945898,6279003,6401640,5317916,6137348,6294667,6033260,5668191,4887978,5986828,6107400,5722632,5493832,5456915,5617694,5000009
8,12,8108465,7407743,6502787,6565946,6803634,6863570,6228785,6368367,5270988,6060275,6243732,5945801,5584638,4793514,5898339,6048436,5662981,5420490,5397050,5558159,4913209
8,13,8048828,7350088,6444318,6483681,6756390,6778643,6190656,6325141,5216039,5975157,6167633,5894187,5443834,4714298,5825959,5975745,5618256,5383713,5322280,5491295,4820124
8,14,7991652,7293678,6385077,6395252,6684065,6718177,6128408,6268907,5184141,5906066,6085822,5827795,5366929,4650820,5786271,5900156,5576982,5334488,5273676,5420865,4768552
8,15,7883065,7243921,6327485,6304476,6633258,6653461,6055486,6214197,5147991,5808093,6036805,5784354,5304781,4549238,5741254,5831776,5522805,5283078,5203624,5333478,4734585
8,16,7839229,7204498,6277695,6305929,6589207,6565365,5975365,6194182,5087023,5739906,6001098,5712798,5280375,4466791,5668564,5753168,5470644,5173737,5136708,5248792,4695733
8,17,7798317,7166066,6229020,6262081,6576643,6470340,5924739,6166865,5029583,5671008,5967286,5632612,5232454,4376499,5624729,5713158,5419847,5100364,5103981,5216761,4634809
8,18,7803924,7127539,6176863,6186198,6560707,6417318,5892882,6103847,4994945,5591657,5905587,5597186,5154913,4306208,5599606,5674861,5328130,5015729,5094520,5185339,4563912
8,19,7768798,7094467,6123932,6129678,6513913,6360555,5844486,6025426,4948303,5521995,5831529,5557079,5106234,4225947,5543814,5614708,5248075,4970889,5092819,5148707,4534816
8,20,7733229,7062671,6070543,6082830,6463851,6270499,5800790,5957935,4877731,5504442,5759016,5540885,5065593,4143648,5498323,5551956,5199264,4922931,5058209,5082310,4507767
8,21,7704123,7031283,6021914,6049607,6447903,6192185,5783798,5918527,4805567,5461717,5718026,5500030,5011691,4073072,5487870,5489997,5137974,4894486,5047907,5022611,4471119
8,22,7675098,7002844,5987282,6040253,6429008,6110993,5787060,5917747,4739018,5393576,5644655,5429483,4927050,4010866,5448094,5440376,5066776,4862998,5003285,4975271,4442272
8,23,7648612,6969121,5946162,6022687,6398519,6049061,5774455,5896201,4701197,5333512,5576540,5379442,4872422,3917009,5433298,5392741,4992583,4811887,4943252,4945395,4412266
8,24,7620458,6927221,5905900,6011288,6374728,6027763,5738632,5890782,4666029,5247855,5510409,5347015,4834007,3819352,5405161,5338658,4921900,4749311,4893557,4904571,4390697
8,25,7583732,6935352,5867851,5983964,6348013,6016023,5697597,5870094,4646621,5132925,5461828,5309440,4794412,3736310,5369615,5304377,4850963,4645694,4846064,4871597,4382473
8,26,7554012,6883512,5834760,5926961,6321627,5979926,5685656,5838032,4615484,5036375,5440068,5258370,4746764,3681607,5326615,5279124,4713460,4545963,4811553,4860720,4359151
8,27,7522509,6786102,5799764,5884303,6298284,5930256,5680552,5828314,4568402,5005241,5420574,5186295,4731222,3645186,5262577,5264442,4584969,4464681,4812329,4832062,4339067
8,28,7488861,6754290,5769058,5840941,6278746,5888199,5654413,5810647,4520424,4991084,5393449,5139898,4700978,3586675,5196015,5243796,4526408,4432888,4812739,4804103,4339440
8,29,7460802,6730815,5735885,5788372,6257953,5858567,5606865,5802830,4471798,4938427,5369703,5143918,4624660,3550713,5115142,5217967,4514043,4403833,4775338,4793787,4328655
8,30,7429873,6705293,5704855,5741725,6240000,5845358,5531001,5802572,4442119,4891334,5337739,5131202,4542734,3538365,5082738,5215532,4491907,4302421,4723734,4768735,4302087
8,31,7405095,6677789,5673674,5720539,6200551,5833644,5514905,5821459,4413960,4828727,5286754,5123914,4495829,3509386,5052103,5218262,4438696,4242650,4668135,4742068,4259262
9,1,7380404,6661255,5646528,5701755,6129928,5803603,5527269,5834079,4413908,4767050,5258909,5126902,4481715,3475817,5037161,5213082,4375012,4168394,4629238,4733473,4248474
9,2,7358153,6639768,5627660,5674506,6121966,5803731,5541327,5827133,4412671,4720209,5220089,5101739,4463203,3445873,5016698,5200157,4346578,4090129,4632780,4749726,4214615
9,3,7335023,6616238,5613637,5617260,6094377,5822299,5530936,5818861,4379815,4714338,5188333,5029120,4424225,3445211,4989921,5179456,4368699,4054179,4638084,4740691,4174722
9,4,7314955,6594556,5589513,5571128,6047661,5827926,5525235,5772339,4331118,4666590,5180734,4966228,4391906,3414050,4957734,5142812,4368949,4056306,4640111,4732152,4158349
9,5,7293317,6578212,5567583,5536470,6008978,5806827,5511929,5752068,4277880,4628546,5184347,4905573,4359228,3365993,4942239,5092841,4373805,4045470,4586568,4717320,4175657
9,6,7273498,6563208,5547736,5528798,6003047,5769872,5501471,5738469,4240157,4612732,5175837,4853959,4325935,3325238,4923972,5050369,4349431,4022615,4532092,4704891,4176087
9,7,7255232,6550737,5537967,5527348,6012361,5725371,5493222,5762027,4216577,4532520,5149921,4809065,4298498,3312446,4893380,5035271,4307704,4017264,4515297,4663054,4168525
9,8,7242565,6548129,5525440,5513425,6017623,5720713,5472980,5801116,4194521,4503523,5151359,4769046,4287925,3300795,4861800,5027268,4297543,4024575,4486326,4609439,4163470
9,9,7235697,6550233,5516632,5516051,5996783,5733983,5461068,5805330,4173372,4500623,5135130,4747650,4269378,3282082,4831603,4991621,4312734,4031479,4472225,4603771,4170163
9,10,7230712,6556033,5507408,5531185,5976445,5712322,5443272,5779256,4144892,4533638,5106641,4721220,4269199,3264665,4833597,5000248,4358918,4076490,4473157,4619083,4149896
9,11,7229571,6556440,5504142,5534703,5946540,5683663,5423208,5741740,4126762,4554097,5071892,4771522,4276583,3234262,4825097,4987733,4365032,4124526,4500947,4571173,4110564
9,12,7231977,6558153,5496299,5531555,6003889,5709032,5383520,5711232,4128671,4542430,5054055,4811060,4280538,3206662,4809288,4935847,4319194,4203422,4502715,4545005,4087341
9,13,7240173,6563541,5484119,-9999,6072096,5759958,5364559,5658162,4135628,4534147,5062442,4803589,4314448,3200630,4820839,4902691,4268045,4239854,4494583,4583173,4053800
9,14,7254109,6567513,5481618,-9999,6032774,5803774,5361345,5625046,4097698,4535715,5090350,4778592,4389264,3197184,4826157,4904059,4257003,4268838,4499173,4570758,4025718
9,15,7269483,6573762,5479091,-9999,5937087,5811644,5329353,5634616,4068688,4523624,5115751,4743880,4442510,3178400,4834931,4888765,4359080,4253202,4541251,4546800,4006036
9,16,7286634,6592674,5481450,-9999,5942995,5793299,5297859,5664866,4070114,4516471,5125931,4684325,4420667,3177455,4824927,4886207,4391720,4233309,4577641,4513511,3991187
9,17,7304435,6605020,5487028,-9999,5943546,5727885,5271140,5710480,4065739,4510805,5156480,4622092,4417282,3213910,4832002,4884120,4412057,4293931,4590075,4491419,3964239
9,18,7324923,6627664,5497402,-9999,5933760,5712311,5232747,5752096,4074312,4521068,5168319,4623077,4412475,3319816,4838927,4898064,4502176,4371993,4593958,4501564,-9999
9,19,7354150,6654001,5512289,-9999,5983457,5703330,5222121,5770530,4099039,4533779,5177395,4646211,4452848,3370214,4861396,4927138,4558903,4418777,4586260,4499697,-9999
9,20,7380039,6681102,5564402,5786545,6020125,5715824,5208753,5721945,4115043,4547793,5215644,4680551,4487694,3427076,4923092,4975912,4592293,4458111,4645246,4473457,-9999
9,21,7407777,6705822,5591351,5853031,5986666,5768239,5179300,5714933,4102076,4580695,5236495,4716445,4504997,3441203,4987766,5021767,4592870,4520039,4681158,4457252,-9999
9,22,7475926,6737805,5617724,5888386,5953526,5824969,5179833,5724650,4080976,4613416,5266591,4790094,4524824,3437032,5001261,5040091,4627917,4611635,4701585,4485254,-9999
9,23,7511701,6779003,5644974,5899318,5983844,5894327,5208008,5758312,4068988,4671695,5241663,4838720,4551588,3474979,5019336,5061828,4704361,4707188,4701127,4535587,-9999
9,24,7552106,6829601,5677050,5937489,6019003,6012213,5257685,5850292,4067486,4695357,5244537,4891284,4581040,3520391,5086095,5108383,4755283,4800736,4704075,4602216,-9999
9,25,7595729,6884858,5724060,5975686,6042339,6089532,5286308,5920525,4077397,4695414,5271626,5008037,4617883,3539969,5143721,5173849,4758781,4840390,4755321,4660401,-9999
9,26,7638917,6938131,5766719,6056187,6059466,6142318,5339702,5921186,4120815,4764599,5314492,5067368,4678172,3568640,5183869,5211041,4737804,4919652,4839290,4684212,-9999
9,27,7690910,6987819,5812058,6164410,6075427,6197452,5399288,5890320,4190167,4848860,5354787,5171405,4726740,3623080,5269020,5222194,4800485,5011447,4888701,4702933,-9999
9,28,7740989,7043248,5869138,6258359,6106829,6261325,5459200,5852897,4271853,4878948,5372412,5269722,4785422,3682024,5340043,5228522,4881060,5030140,4997291,4713998,-9999
9,29,7759631,7095498,5941315,6345432,6191243,6331497,5544329,5834711,4320237,4930078,5425978,5342945,4795450,3740052,5412477,5268826,4968229,5013331,5019633,4729615,-9999
9,30,7818414,7159011,6013416,6381858,6274120,6399882,5646480,5863536,4427297,5087199,5481351,5395258,4846516,3801059,5510856,5326036,5033109,5040582,5048182,4739473,-9999
10,1,7878684,7221980,6093730,6462765,6346757,6453887,5708621,5925428,4507903,5195060,5562154,5425034,4950500,3848883,5608684,5382281,5069941,5035947,5092212,4734314,-9999
10,2,7949442,7291147,6178309,6629278,6393567,6534248,5760281,6023812,4540994,5268454,5618722,5499113,5019350,3876008,5660303,5453693,5053825,5013789,5140248,4734635,-9999
10,3,8022183,7363322,6258124,6863172,6473664,6598211,5818770,6125067,4545733,5366528,5606989,5633020,5056865,3894554,5675521,5541324,5100042,5034338,5187695,4763771,-9999
10,4,8108969,7448581,6334188,7033045,6538185,6645443,5877880,6209257,4588936,5429125,5618711,5696935,5045982,3927099,5815552,5608093,5179899,5097956,5278792,4804196,-9999
10,5,8189164,7538387,6423881,7115602,6627689,6700524,5961757,6232002,4652617,5549610,5676264,5780117,5050161,4028867,5931507,5650425,5315653,5153716,5311200,4849613,-9999
10,6,8283394,7616454,6510135,7171521,6710114,6834889,6039863,6221380,4746384,5685671,5736707,5854347,5108141,4141977,6016476,5724431,5463199,5174905,5434510,4874753,-9999
10,7,8366835,7713645,6600771,7267279,6721553,7005581,6132094,6247819,4848415,5832697,5778465,5929671,5231785,4223849,6162905,5803542,5607279,5179186,5589371,4916132,-9999
10,8,8446729,7793667,6690991,7370055,6719437,7064286,6233361,6299952,4950625,6014877,5808986,6048255,5318817,4314756,6276942,5892146,5754297,5184568,5722390,4934001,-9999
10,9,8515993,7877225,6777428,7466412,6753804,7139556,6328923,6362024,5059277,6180435,5919012,6164191,5376119,4406709,6414201,6004606,5893819,5230747,5840456,4967777,-9999
10,10,8579072,7974201,6877879,7549866,6839864,7233150,6359695,6441953,5112922,6306080,6116815,6317627,5428586,4516139,6521075,6139618,5975898,5249138,5905900,5045380,-9999
10,11,8656600,8073335,6981218,7654988,6916498,7351998,6384774,6542901,5143974,6431896,6294019,6479527,5428727,4681835,6665549,6259354,6037585,5294114,5988264,5182196,-9999
10,12,8735343,8192684,7097724,7743330,7014923,7510872,6476220,6668682,5136862,6553464,6356884,6557538,5511347,4795551,6796978,6392066,6127490,5367956,6107621,5259824,-9999
10,13,8797229,8299311,7212248,7797604,7184776,7626260,6614433,6972479,5217096,6742960,6409102,6596818,5628027,4911701,6886827,6547460,6234911,5437344,6213536,5360941,-9999
10,14,8852433,8405022,7321770,7832121,7382337,7676984,6786250,7174314,5336673,6971770,6514588,6674086,5739603,5101823,7029839,6641095,6410743,5539577,6275371,5522819,-9999
10,15,8907060,8498729,7418155,7944530,7564566,7717117,6915101,7384112,5454601,7155048,6616332,6807840,5843778,5390412,7116601,6709270,6588058,5660235,6354723,5717495,-9999
10,16,8957185,8583636,7522425,8030047,7692538,7774277,6947193,7530432,5554234,7353119,6709878,6962773,5920057,5642634,7229650,6807827,6800955,5713297,6463043,5780697,-9999
10,17,9008624,8672587,7629462,8080264,7757952,7886759,7047553,7623667,5640092,7464159,6831245,7071447,5990616,5804437,7400486,6987351,7043581,5756548,6589426,5772608,-9999
10,18,9057845,8759265,7744225,8151885,7925701,7966191,7189387,7689406,5790119,7564767,6935540,7146948,6117502,5969421,7524787,7190692,7215555,5851597,6776771,5869050,-9999
10,19,9125760,8828216,7865387,8217630,8127272,7984685,7403232,7783117,5991377,7675036,7027754,7288764,6196336,6129933,7618170,7430794,7323512,6005396,6930119,6010146,-9999
10,20,9188895,8912415,7981034,8328203,8255024,8010984,7625004,7915803,6248960,7816981,7138262,7362735,6278016,6348887,7689301,7540951,7363764,6153229,7028872,6136029,-9999
10,21,9247616,8998873,8090345,8432319,8345741,8090096,7905162,7997721,6549901,8000959,7327353,7408975,6453820,6580771,7767399,7691505,7405712,6265154,7113644,6248035,-9999
10,22,9312099,9086158,8186304,8537355,8471596,8154784,8136329,8064717,6712659,8162267,7424483,7485355,6651533,6809009,7882443,7793454,7535180,6386117,7226571,6392057,-9999
10,23,9374778,9164853,8281884,8655320,8576044,8252548,8206625,8113631,6889430,8264644,7569024,7520863,6865887,6922863,7979621,7886661,7682510,6498006,7274322,6575429,-9999
10,24,9445225,9219890,8370622,8698345,8657990,8377252,8333989,8300424,7020156,8393317,7590797,7550131,7077760,7037619,8067410,8005654,7841460,6602186,7307330,6731603,-9999
10,25,9504877,9275201,8455738,8752209,8699195,8481674,8456572,8406514,7134430,8505640,7542357,7625707,7310864,7081690,8165288,8136569,7909226,6680987,7408271,6933069,-9999
10,26,9564663,9326384,8547878,8809365,8745251,8514683,8589773,8476887,7326425,8545826,7668485,7695499,7502426,7101108,8255361,8274621,7967525,6738505,7537503,7182053,-9999
10,27,9636367,9388646,8642847,8850419,8782441,8577865,8663747,8499225,7568335,8642403,7863019,7751957,7688250,7169323,8340047,8398994,8019058,6825763,7694454,7389705,-9999
10,28,9709179,9490211,8722289,8878785,8827219,8699659,8788906,8530322,7771181,8729772,8079858,7813384,7852602,7249726,8414854,8500378,8091177,6840628,7784290,7542687,-9999
10,29,9783263,9562192,8794121,8905366,8839609,8807640,8929236,8602075,7912423,8838486,8214666,7865774,8009576,7402475,8515149,8565910,8210513,6872962,7817053,7574049,-9999
10,30,9851705,9617884,8874346,8913097,-9999,8869231,8992622,8706075,8017901,8962391,8329014,7996158,8037638,7517976,8618357,8702074,8339701,6921148,7882757,7735730,-9999
10,31,9917324,9682493,8955647,8928056,-9999,8879155,9028506,8811757,8122751,9057356,8426041,8139808,8140510,7655476,8729613,8814725,8505723,6966858,7933135,7875297,-9999
11,1,9973758,9731637,9037991,9000267,-9999,8938978,9075368,8908818,8244072,9106807,8525793,8286412,8326471,7740115,8829823,8870568,8598518,7034195,7974795,8030345,-9999
11,2,10032891,9789505,9119528,9105682,-9999,9003934,9140816,8950280,8402148,9108338,8592133,8464991,8505081,7828356,8926280,8928738,8634401,7167227,8059830,8222375,-9999
11,3,10095963,9841174,9193656,9198763,-9999,9122121,9231167,8974639,8541487,9155542,8653765,8567204,8638774,7959487,8986998,9031363,8675338,7303342,8146688,8421146,-9999
11,4,10163330,9887728,9257902,9263790,-9999,9282203,9264404,9010507,8648868,9242262,8717739,8670630,8749687,8058609,9004050,9089388,8764889,7441845,8220943,8577519,-9999
11,5,10221227,9940123,9319441,9308688,-9999,9410410,9310420,9029476,8740352,9381818,8740061,8688554,8785115,8185689,8986331,9164063,8864357,7603523,8346009,8624638,-9999
11,6,10274344,9987027,9368577,9318434,-9999,9522955,9365716,9053418,8809613,9502549,8856100,8703598,8767937,8264563,8985973,9249205,8968443,7725842,8494119,8651221,-9999
11,7,10334651,10040258,9426612,9308252,9241626,9549733,9423590,9051797,8911355,9620588,8878642,8848556,8796581,8309656,8998317,9311793,9085057,7841406,8652033,8694063,-9999
11,8,10395998,10099162,9478836,9339874,9302862,9570693,9502299,9073768,9022629,9714724,8894329,8971413,8819829,8357836,8967120,9341751,9171176,7967889,8718780,8793900,-9999
11,9,10470711,10165115,9538967,9422944,9348231,9657296,9541714,9152826,9133777,9780255,8991021,9058517,8840157,8401423,9036260,9332683,9184700,8028909,8848253,8894807,-9999
11,10,10547127,10225777,9597196,9518845,9407588,9750010,9569820,9252335,9241160,9820545,9089115,9130591,8861284,8460959,9146951,9339344,9333930,8135123,8954039,8967617,-9999
11,11,10628648,10288223,9651277,9606564,9486669,9845407,9611105,9310084,9300308,9839548,9103751,9203742,8942188,8538498,9229693,9390895,9390846,8288376,9002879,9060630,-9999
11,12,10726524,10353290,9708963,9694418,9535760,9926161,9652677,9323120,9368978,9838124,9098093,9241366,9015181,8644722,9255254,9473438,9409153,8360238,9000108,9152939,-9999
11,13,10826510,10420865,9778905,9786063,9562968,9959333,9688439,9344149,9405555,9828828,9105256,9247336,9106399,8714262,9288318,9577334,9444658,8398256,9045289,9194503,-9999
11,14,10922127,10477713,9848174,9876528,9717691,9988120,9708739,9413591,9415458,9875549,9238191,9300168,9205038,8791154,9368004,9667093,9528235,8434463,9109626,9278237,-9999
11,15,11001185,10537081,9907621,9977997,9804066,10035287,9735434,9463458,9444505,9932403,9420462,9378278,9352667,8909276,9471683,9727473,9577243,8457484,9174360,-9999,-9999
11,16,11072016,10599552,9965133,10092980,9863696,10070707,9763054,9510843,9491357,9974650,9553183,9472855,9421403,9060094,9524937,9786115,9594849,8464816,9223949,9505803,-9999
11,17,11135984,10660752,10015432,10265061,9925293,10104666,9762940,9519654,9573189,10062684,9683401,9515781,9501241,9176843,9533763,9812434,9617058,8418099,9332113,9611090,-9999
11,18,11192101,10719598,10082838,10361384,9950122,10162187,-9999,-9999,9638778,10141299,9766040,9502313,9556630,9269545,9618345,9848930,9604910,8320714,9375797,9795640,-9999
11,19,11266139,10776213,10146942,10427135,-9999,-9999,9955611,-9999,9739225,10240135,9815822,9537719,9621073,9405060,9737140,9879345,9591488,8302669,9365178,9868007,-9999
11,20,11337448,10833579,10216259,10425730,10031073,-9999,10002309,9513425,9835251,10307777,9852252,9575789,9703850,9500637,9868408,9923530,9599076,8403027,9420626,9972794,-9999
11,21,11417095,10896164,10286442,10487365,10047986,10403427,10152704,9518605,9926808,10348306,9927160,9592306,9791184,9579529,9958054,9992276,9642870,8601015,9459478,10131710,-9999
11,22,11487776,10965388,10357072,10590417,10086396,10425276,10292570,9535236,9990475,10398502,10047742,9605419,9882735,9666716,10096924,10063054,9730067,8709980,9479156,10272807,-9999
11,23,11564909,11044785,10424761,10639114,10186420,10455777,10382151,9557944,10000648,10501148,10161913,9655113,10024483,9791994,10210037,10175026,9886273,8818643,9553584,10314915,-9999
11,24,11641882,11134730,10498853,10713699,10276358,10527201,10461191,9576358,10028702,10605868,10282096,9751783,10093003,9889098,10233811,10231015,10003709,8957538,9761064,10347324,-9999
11,25,11720192,11213748,10566922,10817969,10430170,10651472,10548081,9588606,10068221,10668950,10378842,9859916,10111683,9991189,10217388,10315604,10085458,9089492,9835653,10392992,-9999
11,26,11800271,11303810,10624238,10945754,10541388,10748437,10664732,9681364,10138740,10738418,10469691,9920062,10163067,10050317,10302233,10423631,10225757,9223883,9971362,10410575,-9999
11,27,11879822,11384968,10712995,11085925,10641357,10811032,10747325,9740606,10160714,10787706,10545103,9972505,10244004,10075328,10468982,10500133,10334038,9338262,10066067,10457070,-9999
11,28,11952438,11459336,10766964,11200449,10695812,10902185,10810879,9760699,-9999,10817482,10584246,10058711,10300448,10112133,10593511,10581722,10431199,9463931,10135404,10493077,-9999
11,29,12015456,11514966,10821864,11262790,10808668,10971827,10802559,9813247,-9999,10862395,10594753,10160942,10365012,10272499,10745557,10672459,10518114,9570761,10170645,10540392,-9999
11,30,12081654,11580396,10878667,11296723,10847341,11030036,10781773,9895778,10485279,10950426,10610846,10251257,10430749,10391753,10866552,10773224,10551745,9673021,10244305,10605546,-9999
12,1,12137242,11654605,10962316,11345513,10889689,11125261,10782722,9999765,10431987,11028417,10699109,10281717,10505579,10487669,10905242,10835828,10606899,9761201,10373820,10609502,-9999
12,2,12195666,11731207,11044904,11361354,11017314,11264560,10847873,10107765,10403475,11083844,10799912,10322333,10571268,10528469,10965289,10953020,10700162,9893102,10448427,10616523,-9999
12,3,12277514,11817983,11123727,11403556,11136581,11380079,10895833,10267209,-9999,11102138,10914476,10395783,10611782,10639403,11054355,11048010,10704382,9997606,10510764,10616050,-9999
12,4,12352890,11892871,11204147,11450376,11224691,11461817,10936543,10439917,10677347,11160132,11025280,10514407,10700314,10724886,11134514,11134053,10780988,10028237,10558299,10611593,-9999
12,5,12436576,11961229,11278309,11461042,11265694,11522508,10996110,10637874,10790876,11262074,11105626,10652221,10851780,10826504,11178473,11195344,10780081,10046572,10626628,10641797,-9999
12,6,12496564,12029964,11347817,11483087,11341579,11594020,11095587,10758663,10898634,11357204,11091212,10759069,10999805,10927106,11185253,11240974,10856237,10084594,10678016,10717696,-9999
12,7,12550502,12089458,11429231,11521713,11466191,11644147,11194229,10865447,10899955,11485482,11066279,10810410,11067145,11005606,11176897,11320305,10938401,10177212,10720725,10798812,-9999
12,8,12635829,12143225,11507702,11567943,11558102,11707052,11285652,10986095,10972079,11647200,11069861,10862881,11116322,11083819,11248709,11325914,11023083,10249717,10787933,10880650,-9999
12,9,12698048,12194959,11578062,11643067,11636757,11793433,11346092,11136593,11089578,11731623,11170402,11005685,11185495,11126670,11320882,11429787,11089965,10365460,10887471,10963122,-9999
12,10,12762863,12257167,11656103,11748657,11726631,11865479,11390377,11272198,11196829,11847833,11235256,11100006,11315659,11214815,11378341,11540438,11181363,10573160,11028259,11073503,-9999
12,11,12782152,12319610,11734316,11858804,11808738,11907356,11451509,11321303,11273170,11897300,11268040,11219558,11364188,11273297,11449865,11594560,11295298,10751338,11202095,11197247,-9999
12,12,12840381,12384816,11802420,11929895,11885106,11938546,11511293,11381590,11343509,11902144,11317868,11312867,11416545,11291307,11538384,11616201,11380851,10853038,11289242,11305973,-9999
12,13,12904057,12430227,11867601,12001741,11976727,12028983,11563653,11416631,11445799,11902785,11499799,11376999,11524917,11318488,11595188,11664370,11455927,10895637,11299510,11398721,-9999
12,14,12959458,12482055,11927390,12087272,12061923,12152411,11660333,11415845,11509862,11868886,11632483,11488973,11579372,11346533,11646557,11725439,11550218,11010469,11339472,11451405,-9999
12,15,13014690,12555436,11988405,12156028,12176508,12175354,11788750,11444771,11531488,11893613,11757167,11586970,11608852,11424999,11717179,11783700,11586399,11093023,11366169,11488997,-9999
12,16,13105561,12619070,12048732,12247044,12279724,12162537,11876379,11482417,11560156,11943655,11870876,11583397,11649122,11459671,11777736,11867228,11633814,11210370,11374242,11501941,-9999
12,17,13135906,12684793,12106773,12325354,12394428,12155043,11932096,11548296,11626606,11929992,11990687,11563661,11597848,11498463,11802784,11941864,11684459,11251450,11453865,11562405,-9999
12,18,13173187,12735878,12170441,12371277,12449260,12182262,11987723,11682069,11723114,11891343,12024907,11548406,11805127,11652751,11800300,11999533,11711670,11295762,11546507,11564084,-9999
12,19,13203102,12790859,12235311,12432293,12459024,12239819,12013272,11863436,11854077,11915647,12053007,11530216,11871702,11740666,11795532,12049547,11738107,11360060,11610363,11595989,-9999
12,20,13244498,12853842,12300615,12427301,12474593,12317052,12008836,12034895,11955483,11944527,12060826,11533422,11939237,11763265,11812458,12115521,11750477,11447549,11638225,11611576,-9999
12,21,13283853,12918515,12362955,12437835,12574071,12387992,12080326,12113103,12068581,12007171,12096795,11595124,12065658,11770683,11827773,12184769,11805131,11491398,11626462,11660028,-9999
12,22,13319160,12972358,12425729,12482191,12717141,12429497,12163122,12120281,12197433,12143140,12153529,11685338,12174595,11786734,11886041,12242025,11830604,11400739,11616150,11752393,-9999
12,23,13378370,13026104,12481387,12574673,12785170,12438241,12203738,12138329,12312190,12227803,12180120,11775400,12221914,11838052,11939389,12292376,11911370,11399061,11594206,11778497,-9999
12,24,13438484,13082849,12532542,12647145,12815262,12493075,12240509,12174609,12369141,12327289,12220406,11796011,12226152,11906609,11980862,12353083,11977273,11401745,11653621,11787051,-9999
12,25,13468602,13138772,12579156,12715114,12831104,12465358,12297975,12252185,12352779,12398736,12283867,11792218,12172088,12039147,12048131,12420893,12004952,11506615,11741716,11811598,-9999
12,26,13511330,13187936,12621800,12768656,12806522,12438813,12374349,12315495,12334602,12397664,12380583,11833371,12147233,12128326,12144217,12458534,12036785,11621488,11774962,11843435,-9999
12,27,13539979,13207198,12652953,12802857,12817206,12530194,12442321,12347255,12369693,12354833,12451545,11883579,12274373,12207509,12212347,12423774,12107506,11775707,11763440,11846140,-9999
12,28,13590680,13251890,12689688,12832349,12850178,12627798,12479758,12395974,12452563,12392074,12505826,11974160,12346533,12297921,12287927,12427550,12179164,11878026,11742414,11871945,-9999
12,29,13619568,13297575,12734041,12878400,12889399,12628214,12487838,12452115,12518997,12422018,12524424,12054898,12518494,12403036,12291990,12438002,12239407,12026480,11792294,11964034,-9999
12,30,13670300,13326196,12777158,12974970,12900502,12583806,12534169,12554127,12600421,12458925,12550718,12143594,12601665,12472458,12297907,12474849,12276951,12085412,11811512,12053135,-9999
12,31,13743449,13372945,12812275,13071438,12944206,12561268,12587115,12584511,12659107,12485791,12539603,12191437,12683993,12428135,12341252,12471148,12273075,12096796,11895513,12164925,-9999
